Workbook

Sheet Sheet1
A1: Station_ID | B1: Station_Name | C1: Report_Time | D1: Rainfall (mm) | E1: Tot RF since 830am | F1: Temperature ( C ) | G1: RH (%) | H1: weathertype | I1: Wind Direction | J1: Wind Speed(kmh-1)
A2: 43404 | B2: JAFFNA | C2: 2026-07-10 1730 | D2: 0 | E2: 0 | F2: 31.6 | G2: 71 | H2: fairday | I2: S | J2: 7.9
A3: 43410 | B3: MULLATIVU | C3: 2026-07-10 1730 | D3: 0 | E3: 0 | F3: 32.5 | G3: 76 | H3: partlycloudy | I3: #N/A | J3: NA
A4: 43413 | B4: MANNAR | C4: 2026-07-10 1730 | D4: 0 | E4: 0 | F4: 29.4 | G4: 82 | H4: fairday | I4: SSW | J4: 18.4
A5: 43415 | B5: VAVUNIYA | C5: 2026-07-10 1730 | D5: 0 | E5: 0 | F5: 31.8 | G5: 64 | H5: fairday | I5: SW | J5: 4.4
A6: 43418 | B6: TRINCOMALEE | C6: 2026-07-10 1730 | D6: 0 | E6: 0 | F6: 33.2 | G6: 55 | H6: fairday | I6: SW | J6: 5.8
A7: 43421 | B7: ANURADHAPURA | C7: 2026-07-10 1730 | D7: 0 | E7: 0 | F7: 30.4 | G7: 69 | H7: fairday | I7: WSW | J7: 10.4
A8: 43422 | B8: MAHA ILLUPPALLAMA | C8: 2026-07-10 1730 | D8: 0 | E8: 0 | F8: 29.8 | G8: 71 | H8: fairday | I8: SW | J8: 5.4
A9: 43424 | B9: PUTTALAM | C9: 2026-07-10 1730 | D9: 0 | E9: 0 | F9: 30 | G9: 75 | H9: partlycloudy | I9: SW | J9: 9.7
A10: 43436 | B10: BATTICALOA | C10: 2026-07-10 1730 | D10: 0 | E10: 0 | F10: 31.4 | G10: 75 | H10: fairday | I10: SE | J10: 8.3
A11: 43441 | B11: KURUNEGALA | C11: 2026-07-10 1730 | D11: Trace | E11: 12.1 | F11: 28.2 | G11: 83 | H11: cloudy | I11: WSW | J11: 8.6
A12: 43444 | B12: KATUGASTOTA | C12: 2026-07-10 1730 | D12: Trace | E12: Trace | F12: 26.6 | G12: 82 | H12: partlycloudy | I12: WNW | J12: 3.9
A13: 43450 | B13: KATUNAYAKE | C13: 2026-07-10 1730 | D13: 0 | E13: Trace | F13: 29.6 | G13: 77 | H13: cloudy | I13: SW | J13: 17.3
A14: 43466 | B14: COLOMBO | C14: 2026-07-10 1730 | D14: 0 | E14: 0 | F14: 29.4 | G14: 81 | H14: cloudy | I14: WSW | J14: 5.8
A15: 43467 | B15: RATMALANA | C15: 2026-07-10 1730 | D15: 0 | E15: 0 | F15: 29.9 | G15: 79 | H15: partlycloudy | I15: WSW | J15: 8.3
A16: 43473 | B16: NUWARA ELIYA | C16: 2026-07-10 1730 | D16: Trace | E16: Trace | F16: 17.4 | G16: 88 | H16: cloudy | I16: WNW | J16: 15.1
A17: 43475 | B17: POTTUVIL | C17: 2026-07-10 1730 | D17: 0 | E17: 0 | F17: 29.8 | G17: 74 | H17: fairday | I17: NW | J17: 7.2
A18: 43476 | B18: BANDARAWELA | C18: 2026-07-10 1730 | D18: 1.9 | E18: 1.9 | F18: 22.8 | G18: 77 | H18: partlycloudy | I18: WNW | J18: 6.4
A19: 43479 | B19: BADULLA | C19: 2026-07-10 1730 | D19: 0 | E19: 0 | F19: 27.1 | G19: 69 | H19: partlycloudy | I19: WNW | J19: 2.2
A20: 43486 | B20: RATNAPURA | C20: 2026-07-10 1730 | D20: 1.8 | E20: 3.6 | F20: 27.8 | G20: 87 | H20: haze | I20: N | J20: 8.6
A21: 43495 | B21: GALLE | C21: 2026-07-10 1730 | D21: 0 | E21: 0 | F21: 29 | G21: 85 | H21: partlycloudy | I21: W | J21: 10.8
A22: 43497 | B22: HAMBANTOTA | C22: 2026-07-10 1730 | D22: 0 | E22: 0 | F22: 28.5 | G22: 84 | H22: partlycloudy | I22: SW | J22: 10.8
A23: 330601 | B23: MATTALA | C23: 2026-07-10 1730 | D23: 0 | E23: 0 | F23: 32 | G23: 58 | H23: partlycloudy | I23: W | J23: 22
A24: 721501 | B24: POLONNARUWA | C24: 2026-07-10 1730 | D24: 0 | E24: 0 | F24: 31.2 | G24: 65 | H24: fairday | I24: W | J24: 13.3
A25: 821501 | B25: MONARAGALA | C25: 2026-07-10 1730 | D25: 0 | E25: 0 | F25: 30 | G25: 66 | H25: fairday | I25: #N/A | J25: NA

Sheet Sheet2
A1: Station_ID | B1: Station_Name | C1: Degrees | D1: Code | E1: Weather_type | F1: Wind Dir | G1: 1 | H1: rain | L1: 1 | N1: =VLOOKUP(L1,$G$1:$H$16,2,FALSE) -> rain
A2: 43404 | B2: JAFFNA | C2: 180 | D2: 2 | E2: =VLOOKUP(D2,$G$1:$H$19,2,FALSE) -> fairday | F2: =Sheet4!L1 -> S | G2: 2 | H2: fairday | L2: 4 | N2: =VLOOKUP(L2,$G$1:$H$16,2,FALSE) -> drizzling
A3: 43410 | B3: MULLATIVU | C3: NA | D3: 6 | E3: =VLOOKUP(D3,$G$1:$H$19,2,FALSE) -> partlycloudy | F3: =Sheet4!L2 -> #N/A | G3: 3 | H3: lightning | L3: 10 | N3: =VLOOKUP(L3,$G$1:$H$16,2,FALSE) -> thunderstorms
A4: 43413 | B4: MANNAR | C4: 208 | D4: 2 | E4: =VLOOKUP(D4,$G$1:$H$19,2,FALSE) -> fairday | F4: =Sheet4!L3 -> SSW | G4: 4 | H4: drizzling | L4: 10 | N4: =VLOOKUP(L4,$G$1:$H$16,2,FALSE) -> thunderstorms
A5: 43415 | B5: VAVUNIYA | C5: 230 | D5: 2 | E5: =VLOOKUP(D5,$G$1:$H$19,2,FALSE) -> fairday | F5: =Sheet4!L4 -> SW | G5: 5 | H5: cloudy | L5: 10 | N5: =VLOOKUP(L5,$G$1:$H$16,2,FALSE) -> thunderstorms
A6: 43418 | B6: TRINCOMALEE | C6: 230 | D6: 2 | E6: =VLOOKUP(D6,$G$1:$H$19,2,FALSE) -> fairday | F6: =Sheet4!L5 -> SW | G6: 6 | H6: partlycloudy | L6: 10 | N6: =VLOOKUP(L6,$G$1:$H$16,2,FALSE) -> thunderstorms
A7: 43421 | B7: ANURADHAPURA | C7: 239 | D7: 2 | E7: =VLOOKUP(D7,$G$1:$H$19,2,FALSE) -> fairday | F7: =Sheet4!L6 -> WSW | G7: 7 | H7: mist | L7: 10 | N7: =VLOOKUP(L7,$G$1:$H$16,2,FALSE) -> thunderstorms
A8: 43422 | B8: MAHA ILLUPPALLAMA | C8: 230 | D8: 2 | E8: =VLOOKUP(D8,$G$1:$H$19,2,FALSE) -> fairday | F8: =Sheet4!L7 -> SW | G8: 8 | H8: fog | L8: 10 | N8: =VLOOKUP(L8,$G$1:$H$16,2,FALSE) -> thunderstorms
A9: 43424 | B9: PUTTALAM | C9: 230 | D9: 6 | E9: =VLOOKUP(D9,$G$1:$H$19,2,FALSE) -> partlycloudy | F9: =Sheet4!L8 -> SW | G9: 9 | H9: haze | L9: 10 | N9: =VLOOKUP(L9,$G$1:$H$16,2,FALSE) -> thunderstorms
A10: 43436 | B10: BATTICALOA | C10: 140 | D10: 2 | E10: =VLOOKUP(D10,$G$1:$H$19,2,FALSE) -> fairday | F10: =Sheet4!L9 -> SE | G10: 10 | H10: thunderstorms | L10: 10 | N10: =VLOOKUP(L10,$G$1:$H$16,2,FALSE) -> thunderstorms
A11: 43441 | B11: KURUNEGALA | C11: 250 | D11: 5 | E11: =VLOOKUP(D11,$G$1:$H$19,2,FALSE) -> cloudy | F11: =Sheet4!L10 -> WSW | G11: 11 | H11: showers | L11: 10 | N11: =VLOOKUP(L11,$G$1:$H$16,2,FALSE) -> thunderstorms
A12: 43444 | B12: KATUGASTOTA | C12: 290 | D12: 6 | E12: =VLOOKUP(D12,$G$1:$H$19,2,FALSE) -> partlycloudy | F12: =Sheet4!L11 -> WNW | G12: 12 | H12: thundershowers | L12: 10 | N12: =VLOOKUP(L12,$G$1:$H$16,2,FALSE) -> thunderstorms
A13: 43450 | B13: KATUNAYAKE | C13: 230 | D13: 5 | E13: =VLOOKUP(D13,$G$1:$H$19,2,FALSE) -> cloudy | F13: =Sheet4!L12 -> SW | G13: 13 | H13: fairnight | L13: 10 | N13: =VLOOKUP(L13,$G$1:$H$16,2,FALSE) -> thunderstorms
A14: 43466 | B14: COLOMBO | C14: 248 | D14: 5 | E14: =VLOOKUP(D14,$G$1:$H$19,2,FALSE) -> cloudy | F14: =Sheet4!L13 -> WSW | G14: 14 | H14: smoke | L14: 10 | N14: =VLOOKUP(L14,$G$1:$H$16,2,FALSE) -> thunderstorms
A15: 43467 | B15: RATMALANA | C15: 240 | D15: 6 | E15: =VLOOKUP(D15,$G$1:$H$19,2,FALSE) -> partlycloudy | F15: =Sheet4!L14 -> WSW | G15: 15 | H15: gf | L15: 10 | N15: =VLOOKUP(L15,$G$1:$H$16,2,FALSE) -> thunderstorms
A16: 43473 | B16: NUWARA ELIYA | C16: 293 | D16: 5 | E16: =VLOOKUP(D16,$G$1:$H$19,2,FALSE) -> cloudy | F16: =Sheet4!L15 -> WNW | G16: 16 | H16: partlycloudynight | L16: 10 | N16: =VLOOKUP(L16,$G$1:$H$16,2,FALSE) -> thunderstorms
A17: 43476 | B17: BANDARAWELA | C17: 309 | D17: 2 | E17: =VLOOKUP(D17,$G$1:$H$19,2,FALSE) -> fairday | F17: =Sheet4!L16 -> NW | G17: 17 | H17: fognight | L17: 17 | N17: =VLOOKUP(L17,$G$1:$H$17,2,FALSE) -> fognight
A18: 43479 | B18: BADULLA | C18: 290 | D18: 6 | E18: =VLOOKUP(D18,$G$1:$H$19,2,FALSE) -> partlycloudy | F18: =Sheet4!L17 -> WNW | G18: 18 | H18: thunderstormsnight
A19: 43486 | B19: RATNAPURA | C19: 301 | D19: 6 | E19: =VLOOKUP(D19,$G$1:$H$19,2,FALSE) -> partlycloudy | F19: =Sheet4!L18 -> WNW | G19: 19 | H19: hazenight
A20: 43495 | B20: GALLE | C20: 357 | D20: 9 | E20: =VLOOKUP(D20,$G$1:$H$19,2,FALSE) -> haze | F20: =Sheet4!L19 -> N
A21: 43497 | B21: HAMBANTOTA | C21: 265 | D21: 6 | E21: =VLOOKUP(D21,$G$1:$H$19,2,FALSE) -> partlycloudy | F21: =Sheet4!L20 -> W
A22: 43475 | B22: POTTUVIL | C22: 230 | D22: 6 | E22: =VLOOKUP(D22,$G$1:$H$19,2,FALSE) -> partlycloudy | F22: =Sheet4!L21 -> SW
A23: 330601 | B23: MATTALA | C23: 260 | D23: 6 | E23: =VLOOKUP(D23,$G$1:$H$19,2,FALSE) -> partlycloudy | F23: =Sheet4!L22 -> W
A24: 821501 | B24: MONARAGALA | C24: 270 | D24: 2 | E24: =VLOOKUP(D24,$G$1:$H$19,2,FALSE) -> fairday | F24: =Sheet4!L23 -> W
A25: 721501 | B25: POLONNARUWA | C25: NA | D25: 2 | E25: =VLOOKUP(D25,$G$1:$H$19,2,FALSE) -> fairday | F25: =Sheet4!L24 -> #N/A

Sheet Sheet4
A1: Wind_Direction | H1: 43404 | I1: JAFFNA | K1: =Sheet2!C2 -> 180 | L1: =VLOOKUP(K1,A$2:B$363,2,FALSE) -> S | Q1: N
A2: Degrees | B2: Dir | H2: 43410 | I2: MULLATIVU | K2: =Sheet2!C3 -> NA | L2: =VLOOKUP(K2,A$2:B$363,2,FALSE) -> #N/A | Q2: NNE
A3: 0 | B3: CALM | H3: 43413 | I3: MANNAR | K3: =Sheet2!C4 -> 208 | L3: =VLOOKUP(K3,A$2:B$363,2,FALSE) -> SSW | Q3: NE
A4: 1 | B4: N | H4: 43415 | I4: VAVUNIYA | K4: =Sheet2!C5 -> 230 | L4: =VLOOKUP(K4,A$2:B$363,2,FALSE) -> SW | Q4: ENE
A5: 2 | B5: N | H5: 43418 | I5: TRINCOMALEE | K5: =Sheet2!C6 -> 230 | L5: =VLOOKUP(K5,A$2:B$363,2,FALSE) -> SW | Q5: E
A6: 3 | B6: N | H6: 43421 | I6: ANURADHAPURA | K6: =Sheet2!C7 -> 239 | L6: =VLOOKUP(K6,A$2:B$363,2,FALSE) -> WSW | Q6: ESE
A7: 4 | B7: N | H7: 43422 | I7: MAHA ILLUPPALLAMA | K7: =Sheet2!C8 -> 230 | L7: =VLOOKUP(K7,A$2:B$363,2,FALSE) -> SW | Q7: SE
A8: 5 | B8: N | H8: 43424 | I8: PUTTALAM | K8: =Sheet2!C9 -> 230 | L8: =VLOOKUP(K8,A$2:B$363,2,FALSE) -> SW | Q8: SSE
A9: 6 | B9: N | H9: 43436 | I9: BATTICALOA | K9: =Sheet2!C10 -> 140 | L9: =VLOOKUP(K9,A$2:B$363,2,FALSE) -> SE | Q9: S
A10: 7 | B10: N | H10: 43441 | I10: KURUNEGALA | K10: =Sheet2!C11 -> 250 | L10: =VLOOKUP(K10,A$2:B$363,2,FALSE) -> WSW | Q10: SSW
A11: 8 | B11: N | H11: 43444 | I11: KATUGASTOTA | K11: =Sheet2!C12 -> 290 | L11: =VLOOKUP(K11,A$2:B$363,2,FALSE) -> WNW | Q11: SW
A12: 9 | B12: N | H12: 43450 | I12: KATUNAYAKE | K12: =Sheet2!C13 -> 230 | L12: =VLOOKUP(K12,A$2:B$363,2,FALSE) -> SW | Q12: WSW
A13: 10 | B13: NNE | H13: 43466 | I13: COLOMBO | K13: =Sheet2!C14 -> 248 | L13: =VLOOKUP(K13,A$2:B$363,2,FALSE) -> WSW | Q13: W
A14: 11 | B14: NNE | H14: 43467 | I14: RATMALANA | K14: =Sheet2!C15 -> 240 | L14: =VLOOKUP(K14,A$2:B$363,2,FALSE) -> WSW | Q14: WNW
... A16: 13 | B16: NNE | H16: 43476 | I16: BANDARAWELA | K16: =Sheet2!C17 -> 309 | L16: =VLOOKUP(K16,A$2:B$363,2,FALSE) -> NW | Q16: NNW
A17: 14 | B17: NNE | H17: 43479 | I17: BADULLA | K17: =Sheet2!C18 -> 290 | L17: =VLOOKUP(K17,A$2:B$363,2,FALSE) -> WNW
A18: 15 | B18: NNE | H18: 43486 | I18: RATNAPURA | K18: =Sheet2!C19 -> 301 | L18: =VLOOKUP(K18,A$2:B$363,2,FALSE) -> WNW
A19: 16 | B19: NNE | H19: 43495 | I19: GALLE | K19: =Sheet2!C20 -> 357 | L19: =VLOOKUP(K19,A$2:B$363,2,FALSE) -> N
A20: 17 | B20: NNE | H20: 43497 | I20: HAMBANTOTA | K20: =Sheet2!C21 -> 265 | L20: =VLOOKUP(K20,A$2:B$363,2,FALSE) -> W
A21: 18 | B21: NNE | H21: 43475 | I21: POTTUVIL | K21: =Sheet2!C22 -> 230 | L21: =VLOOKUP(K21,A$2:B$363,2,FALSE) -> SW
A22: 19 | B22: NNE | H22: 330601 | I22: MATTALA | K22: =Sheet2!C23 -> 260 | L22: =VLOOKUP(K22,A$2:B$363,2,FALSE) -> W
A23: 20 | B23: NNE | H23: 821501 | I23: MONARAGALA | K23: =Sheet2!C24 -> 270 | L23: =VLOOKUP(K23,A$2:B$363,2,FALSE) -> W
A24: 21 | B24: NNE | H24: 721501 | I24: POLONNARUWA | K24: =Sheet2!C25 -> NA | L24: =VLOOKUP(K24,A$2:B$363,2,FALSE) -> #N/A
A25: 22 | B25: NNE
A26: 23 | B26: NNE
A27: 24 | B27: NNE
A28: 25 | B28: NNE
A29: 26 | B29: NNE
A30: 27 | B30: NNE
A31: 28 | B31: NNE
A32: 29 | B32: NNE
A33: 30 | B33: NNE
A34: 31 | B34: NNE
A35: 32 | B35: NNE
A36: 33 | B36: NNE
... A363: 360 | B363: N

Sheet Sheet3
B1: cloudy | D1: rain
B2: partlycloudynight | D2: fairday
B3: drizzling | D3: lightning
B4: fairday | D4: drizzling
B5: fairnight | D5: cloudy
B6: fog | D6: partlycloudy
B7: fognight | D7: mist
B8: haze | D8: fog
B9: hazenight | D9: haze
B10: thundershowers | D10: thunderstorms
B11: lightning | D11: showers
B12: mist | D12: thundershowers
... B17: thunderstorms | D17: fognight
